{"L_foot_0_ballNull": [0.0, 0.0, 2.0], "L_foot_0_heelNull": [0.0, 0.0, 0.0], "L_foot_0_bankOutNull": [2.0, 0.0, 4.0], "L_foot_0_bankInNull": [-2.0, 0.0, 4.0], "L_foot_0_tipNull": [7.475271837086288e-16, 1.332267629550188e-15, 6.000000000000002]}