{"L_foot_0_ballNull": [4.440892098500626e-16, 8.881784197001252e-16, 2.0], "L_foot_0_heelNull": [0.0, 0.0, -2.0], "L_foot_0_bankOutNull": [2.0, 0.0, 4.0], "L_foot_0_bankInNull": [-2.0, 0.0, 4.0], "L_foot_0_tipNull": [7.475271694404502e-16, 1.3322676295501878e-15, 6.0]}