{"L_foot_0_ballNull": [9.133461952209473, -6.278961047932394e-14, 11.000000000000014], "L_foot_0_heelNull": [9.133461952209473, -6.572520305780927e-14, -8.549098014831543], "L_foot_0_bankOutNull": [15.0, -6.278961047932394e-14, 11.000000000000014], "L_foot_0_bankInNull": [3.0, -6.278961047932394e-14, 11.000000000000014], "L_foot_0_tipNull": [9.133461952209473, -6.278961047932394e-14, 20.56419944763185]}