{"R_foot_0_bankOutNull": [-16.0, -6.278961047932394e-14, 10.000000000000028], "R_foot_0_heelNull": [-9.13346004486084, -5.861977570020827e-14, -8.549099922180176], "R_foot_0_bankInNull": [-2.0, -6.278961047932394e-14, 10.000000000000028], "R_foot_0_tipNull": [-9.13346004486084, -6.069904507407381e-14, 19.564199447631864], "R_foot_0_ballNull": [-9.13346004486084, -6.278961047932394e-14, 10.000000000000028]}